{
	"env": {
		"PORT": 3000,
		"MONGO_ATLAS_PW": "sankatmochak",
		"MongoDB_URL_v2": "mongodb://sankatmochak:sankatmochak@cluster0-shard-00-00.676k4.mongodb.net:27017,cluster0-shard-00-01.676k4.mongodb.net:27017,cluster0-shard-00-02.676k4.mongodb.net:27017/sankatmochak?ssl=true&replicaSet=atlas-k7vo3k-shard-0&authSource=admin&retryWrites=true&w=majority", 
		"MongoDB_URL": "mongodb+srv://sankatmochak:sankatmochak@cluster0.676k4.mongodb.net/sankatmochak-db?retryWrites=true&w=majority&ssl=true&ssl=true",
		"JWT_TOKEN": "gir$%rifndnfjkbskjfbksjdnfgndkgn#$#^%^&nrkngkleasnlfrowjerowejekrnekn,sd&(*&)(*()uht"
	}
}