[
	{
		"name": "earthquake", 
	    "detail": "An earthquake is a sudden, rapid shaking of the ground caused by the shifting of rocks deep underneath the earth’s surface."
	},
	{
		"name": "earthquake", 
	    "when": "before", 
	    "do": {
	    	"0":"Practice Drop, Cover, and Hold On with family and coworkers.",
	    	"1": "Make an Emergency Plan: Create a family emergency communications plan that has an out-of-state contact. Plan where to meet if you get separated. Make a supply kit that includes enough food and water for several days, a flashlight, a fire extinguisher and a whistle.",
	    	"2": "Protect Your Home: Secure heavy items in your home like bookcases, refrigerators, televisions and objects that hang on walls. Store heavy and breakable objects on low shelves. Consider making improvements to your building to fix structural issues that could cause your building to collapse during an earthquake. Consider obtaining an earthquake insurance policy. A standard homeowner’s insurance policy() does not cover earthquake damage." 
	    }
	},
	{
		"name": "earthquake", 
	    "when": "during", 
	    "do": {
	    	"a": "If you are in a car, pull over and stop. Set your parking brake.",
	    	"b": "If you are in bed, turn face down and cover your head and neck with a pillow.",
	    	"c": "If you are outdoors, stay outdoors away from buildings.",
	    	"d": "If you are inside, stay and do not run outside and avoid doorways." ,
	    	"e": "follow these steps:", 
	    	"1": "Drop (or Lock):- Wherever you are, drop down to your hands and knees and hold onto something sturdy. If you’re using a wheelchair or walker with a seat, make sure your wheels are locked and remain seated until the shaking stops.",
	    	"2": "Cover:- Cover your head and neck with your arms. If a sturdy table or desk is nearby, crawl underneath it for shelter. If no shelter is nearby, crawl next to an interior wall (away from windows). Crawl only if you can reach better cover without going through an area with more debris. Stay on your knees or bent over to protect vital organs.",
	    	"3": "Hold On:-If you are under a table or desk, hold on with one hand and be ready to move with it if it moves. If seated and unable to drop to the floor, bend forward, cover your head with your arms and hold on to your neck with both hands."
	    }
	},
	{
		"name": "earthquake", 
	    "when": "after", 
	    "do": {
	    	"?": "After an earthquake, there can be serious hazards such as damage to the building, leaking gas and water lines, or downed power lines.",

	    	"1": "Wash your hands with soap and water after holding on to commonly touched surfaces or objects. If you are unable to wash your hands, use hand sanitizer that contains at least 60 percent alcohol.",
	    	"2": "Expect aftershocks to follow the main shock of an earthquake. Be ready to Drop, Cover, and Hold On if you feel an aftershock.",
	    	"3": "If you are in a damaged building, go outside and quickly move away from the building. Do not enter damaged buildings.",
	    	"4": "If you are trapped, press SOS beakon and also add landmark identification of your location." ,
	    	"5": "Check yourself to see if you are hurt and help others if you have training. Learn how to be the help until help arrives.(https://community.fema.gov/until-help-arrives)",
	    	"6": "Once you are safe, pay attention to local news reports for emergency information and instructions via battery-operated radio, TV, social media or from cell phone text alerts." 
		}
	},
	{
		"name": "flood", 
	    "detail": "Flooding is a temporary overflow of water onto land that is normally dry. Rain, snow, coastal storms, storm surges and overflows of dams and other water systems can cause flood."
	},
	{
		"name": "flood", 
	    "when": "before", 
	    "do": {
	    	"0":"IF YOU ARE UNDER A FLOOD WARNING, FIND SAFE SHELTER RIGHT AWAY",
	    	"1": "Do not walk, swim or drive through flood waters. Turn Around, Don’t Drown!",
	    	"2": "Stay off of bridges over fast-moving water.",
	    	"3": "Depending on the type of flooding:", 
	    	"a": "Evacuate if told to do so.",
	    	"b": "Move to higher ground or a higher floor.",
	    	"c": "Stay where you are."
	    }
	},
	{
		"name": "flood", 
	    "when": "during", 
	    "do": {
	        "1": "Depending on where you are, the potential impact, and the warning time given for flooding, go to the safe location that you have identified. If you are not able to shelter in place or with family or friends and must go to a public shelter.",
	        "2": "If told to evacuate, do so immediately. Never drive around barricades. Local responders use them to safely direct traffic out of flooded areas.",
	        "3": "If you are sick and need medical attention, contact your healthcare provider for further care instructions and shelter in place, if possible.", 
	        "4": "Do not walk, swim or drive through flood waters!", 
	        "5": "Stay off bridges over fast-moving water. Fast-moving water can wash bridges away without warning.", 
	        "6": "If your car is trapped in rapidly moving water stay inside. If water is rising inside the car get on the roof.", 
	        "7": "If trapped in a building go to its highest level. Do not climb into a closed attic. You may become trapped by rising floodwater. Only get on the roof if necessary and once there signal for help."
	    }
	},
	{
		"name": "flood", 
	    "when": "after", 
	    "do": {
	        "1": "Listen to authorities for information and instructions. Return home only when authorities say it is safe.", 
	        "2": "Avoid driving except in emergencies.", 
	        "3": "Be aware that snakes and other animals may be in your house. Wear heavy work gloves, protective clothing, and boots during clean up. People with asthma and other lung conditions and/or immune suppression should not enter buildings with indoor water leaks or mold growth that can be seen or smelled. Children should not take part in disaster cleanup work.", 
	        "4": "Be aware of the risk of electrocution. Do not touch electrical equipment if it is wet or if you are standing in water. If it is safe to do so, turn off the electricity to prevent electric shock.", 
	        "5": "Avoid wading in floodwater, which can be contaminated and contain dangerous debris. Underground or downed power lines can also electrically charge the water. ", 
	        "6": "Use a generator or other gasoline-powered machinery ONLY outdoors and away from windows."
	    }
	}
]